/*
 Navicat Premium Data Transfer

 Source Server         : 127.0.0.1
 Source Server Type    : MySQL
 Source Server Version : 80026
 Source Host           : localhost:3306
 Source Schema         : edu_bow

 Target Server Type    : MySQL
 Target Server Version : 80026
 File Encoding         : 65001

 Date: 06/01/2022 21:48:58
*/

SET NAMES utf8mb4;
SET FOREIGN_KEY_CHECKS = 0;

-- ----------------------------
-- Table structure for promotion_ad
-- ----------------------------
DROP TABLE IF EXISTS `promotion_ad`;
CREATE TABLE `promotion_ad` (
  `id` int NOT NULL AUTO_INCREMENT,
  `name` varchar(255) DEFAULT NULL COMMENT '广告名',
  `space_id` int DEFAULT NULL COMMENT '广告位id',
  `keyword` varchar(255) DEFAULT NULL COMMENT '精确搜索关键词',
  `html_content` text CHARACTER SET utf8 COLLATE utf8_general_ci COMMENT '静态广告的内容',
  `text` varchar(255) DEFAULT NULL COMMENT '文字',
  `link` varchar(255) DEFAULT NULL COMMENT '链接',
  `start_time` datetime DEFAULT NULL COMMENT '开始时间',
  `end_time` datetime DEFAULT NULL COMMENT '结束时间',
  `create_time` datetime DEFAULT NULL,
  `update_time` datetime DEFAULT NULL,
  `status` int NOT NULL DEFAULT '0',
  `priority` int DEFAULT '0' COMMENT '优先级',
  `img` varchar(255) DEFAULT NULL,
  PRIMARY KEY (`id`) USING BTREE,
  KEY `promotion_ad_SEG` (`space_id`,`start_time`,`end_time`,`status`) USING BTREE
) ENGINE=InnoDB AUTO_INCREMENT=1090 DEFAULT CHARSET=utf8mb3 ROW_FORMAT=COMPACT;

-- ----------------------------
-- Records of promotion_ad
-- ----------------------------
BEGIN;
COMMIT;

-- ----------------------------
-- Table structure for promotion_space
-- ----------------------------
DROP TABLE IF EXISTS `promotion_space`;
CREATE TABLE `promotion_space` (
  `id` int NOT NULL AUTO_INCREMENT,
  `name` varchar(255) DEFAULT NULL COMMENT '名称',
  `space_key` varchar(255) CHARACTER SET utf8 COLLATE utf8_general_ci DEFAULT NULL COMMENT '广告位key',
  `create_time` datetime DEFAULT NULL,
  `update_time` datetime DEFAULT NULL,
  `is_del` int DEFAULT '0',
  PRIMARY KEY (`id`) USING BTREE,
  KEY `promotion_space_key_isDel` (`space_key`,`is_del`) USING BTREE
) ENGINE=InnoDB AUTO_INCREMENT=178 DEFAULT CHARSET=utf8mb3 ROW_FORMAT=COMPACT;

-- ----------------------------
-- Records of promotion_space
-- ----------------------------
BEGIN;
INSERT INTO `promotion_space` VALUES (1, '顶部广告', 'top', '2021-12-14 20:23:33', '2021-12-14 20:23:37', 0);
INSERT INTO `promotion_space` VALUES (177, '左边栏广告', 'leftsides', '2021-12-14 22:28:32', '2021-12-14 22:29:32', 0);
COMMIT;

-- ----------------------------
-- Table structure for social_user
-- ----------------------------
DROP TABLE IF EXISTS `social_user`;
CREATE TABLE `social_user` (
  `id` int NOT NULL AUTO_INCREMENT,
  `uuid` varchar(256) CHARACTER SET utf8mb4 COLLATE utf8mb4_general_ci NOT NULL COMMENT '第三方系统的唯一ID	',
  `source` varchar(256) CHARACTER SET utf8mb4 COLLATE utf8mb4_general_ci NOT NULL COMMENT '第三方用户来源',
  `access_token` varchar(256) CHARACTER SET utf8mb4 COLLATE utf8mb4_general_ci NOT NULL COMMENT '用户的授权令牌	',
  `expire_in` int DEFAULT NULL COMMENT '第三方用户的授权令牌的有效期	',
  `refresh_token` varchar(256) CHARACTER SET utf8mb4 COLLATE utf8mb4_general_ci DEFAULT NULL COMMENT '刷新令牌',
  `open_id` varchar(256) CHARACTER SET utf8mb4 COLLATE utf8mb4_general_ci DEFAULT NULL COMMENT '第三方用户的 open id		',
  PRIMARY KEY (`id`)
) ENGINE=InnoDB DEFAULT CHARSET=utf8mb4 COLLATE=utf8mb4_general_ci;

-- ----------------------------
-- Records of social_user
-- ----------------------------
BEGIN;
COMMIT;

-- ----------------------------
-- Table structure for social_user_auth
-- ----------------------------
DROP TABLE IF EXISTS `social_user_auth`;
CREATE TABLE `social_user_auth` (
  `id` int NOT NULL AUTO_INCREMENT,
  `user_id` int NOT NULL COMMENT '用户Id',
  `social_user_id` int NOT NULL COMMENT '社交用户Id',
  PRIMARY KEY (`id`)
) ENGINE=InnoDB DEFAULT CHARSET=utf8mb4 COLLATE=utf8mb4_general_ci;

-- ----------------------------
-- Records of social_user_auth
-- ----------------------------
BEGIN;
COMMIT;

-- ----------------------------
-- Table structure for sys_dept
-- ----------------------------
DROP TABLE IF EXISTS `sys_dept`;
CREATE TABLE `sys_dept` (
  `dept_id` bigint NOT NULL AUTO_INCREMENT COMMENT 'ID',
  `pid` bigint DEFAULT NULL COMMENT '上级部门',
  `sub_count` int DEFAULT '0' COMMENT '子部门数目',
  `name` varchar(255) CHARACTER SET utf8 COLLATE utf8_general_ci NOT NULL COMMENT '名称',
  `dept_sort` int DEFAULT '999' COMMENT '排序',
  `enabled` bit(1) NOT NULL COMMENT '状态',
  `create_by` varchar(255) CHARACTER SET utf8 COLLATE utf8_general_ci DEFAULT NULL COMMENT '创建者',
  `update_by` varchar(255) CHARACTER SET utf8 COLLATE utf8_general_ci DEFAULT NULL COMMENT '更新者',
  `create_time` datetime DEFAULT NULL COMMENT '创建日期',
  `update_time` datetime DEFAULT NULL COMMENT '更新时间',
  PRIMARY KEY (`dept_id`) USING BTREE,
  KEY `inx_pid` (`pid`) USING BTREE,
  KEY `inx_enabled` (`enabled`) USING BTREE
) ENGINE=InnoDB AUTO_INCREMENT=18 DEFAULT CHARSET=utf8mb3 ROW_FORMAT=COMPACT COMMENT='部门';

-- ----------------------------
-- Records of sys_dept
-- ----------------------------
BEGIN;
INSERT INTO `sys_dept` VALUES (2, 7, 1, '研发部', 3, b'1', 'admin', 'admin', '2019-03-25 09:15:32', '2020-08-02 14:48:47');
INSERT INTO `sys_dept` VALUES (5, 7, 0, '运维部', 4, b'1', 'admin', 'admin', '2019-03-25 09:20:44', '2020-05-17 14:27:27');
INSERT INTO `sys_dept` VALUES (6, 8, 0, '测试部', 6, b'1', 'admin', 'admin', '2019-03-25 09:52:18', '2020-06-08 11:59:21');
INSERT INTO `sys_dept` VALUES (7, NULL, 2, '华南分部', 0, b'1', 'admin', 'admin', '2019-03-25 11:04:50', '2020-06-08 12:08:56');
INSERT INTO `sys_dept` VALUES (8, NULL, 2, '华北分部', 1, b'1', 'admin', 'admin', '2019-03-25 11:04:53', '2020-05-14 12:54:00');
INSERT INTO `sys_dept` VALUES (15, 8, 0, 'UI部门', 7, b'1', 'admin', 'admin', '2020-05-13 22:56:53', '2020-05-14 12:54:13');
INSERT INTO `sys_dept` VALUES (17, 2, 0, '研发一组', 999, b'1', 'admin', 'admin', '2020-08-02 14:49:07', '2020-08-02 14:49:07');
COMMIT;

-- ----------------------------
-- Table structure for sys_menu
-- ----------------------------
DROP TABLE IF EXISTS `sys_menu`;
CREATE TABLE `sys_menu` (
  `menu_id` bigint NOT NULL AUTO_INCREMENT COMMENT 'ID',
  `pid` bigint DEFAULT NULL COMMENT '上级菜单ID',
  `sub_count` int DEFAULT '0' COMMENT '子菜单数目',
  `type` int DEFAULT NULL COMMENT '菜单类型',
  `title` varchar(255) CHARACTER SET utf8 COLLATE utf8_general_ci DEFAULT NULL COMMENT '菜单标题',
  `name` varchar(255) CHARACTER SET utf8 COLLATE utf8_general_ci DEFAULT NULL COMMENT '组件名称',
  `component` varchar(255) CHARACTER SET utf8 COLLATE utf8_general_ci DEFAULT NULL COMMENT '组件',
  `menu_sort` int DEFAULT NULL COMMENT '排序',
  `icon` varchar(255) CHARACTER SET utf8 COLLATE utf8_general_ci DEFAULT NULL COMMENT '图标',
  `path` varchar(255) CHARACTER SET utf8 COLLATE utf8_general_ci DEFAULT NULL COMMENT '链接地址',
  `i_frame` bit(1) DEFAULT NULL COMMENT '是否外链',
  `cache` bit(1) DEFAULT b'0' COMMENT '缓存',
  `hidden` bit(1) DEFAULT b'0' COMMENT '隐藏',
  `permission` varchar(255) CHARACTER SET utf8 COLLATE utf8_general_ci DEFAULT NULL COMMENT '权限',
  `create_by` varchar(255) CHARACTER SET utf8 COLLATE utf8_general_ci DEFAULT NULL COMMENT '创建者',
  `update_by` varchar(255) CHARACTER SET utf8 COLLATE utf8_general_ci DEFAULT NULL COMMENT '更新者',
  `create_time` datetime DEFAULT NULL COMMENT '创建日期',
  `update_time` datetime DEFAULT NULL COMMENT '更新时间',
  PRIMARY KEY (`menu_id`) USING BTREE,
  UNIQUE KEY `uniq_title` (`title`) USING BTREE,
  UNIQUE KEY `uniq_name` (`name`) USING BTREE,
  KEY `inx_pid` (`pid`) USING BTREE
) ENGINE=InnoDB AUTO_INCREMENT=124 DEFAULT CHARSET=utf8mb3 ROW_FORMAT=COMPACT COMMENT='系统菜单';

-- ----------------------------
-- Records of sys_menu
-- ----------------------------
BEGIN;
INSERT INTO `sys_menu` VALUES (1, NULL, 7, 0, '系统管理', NULL, NULL, 1, 'system', 'system', b'0', b'0', b'0', NULL, NULL, NULL, '2018-12-18 15:11:29', NULL);
INSERT INTO `sys_menu` VALUES (2, 1, 3, 1, '用户管理', 'User', 'system/user/index', 2, 'peoples', 'user', b'0', b'0', b'0', 'user:list', NULL, NULL, '2018-12-18 15:14:44', NULL);
INSERT INTO `sys_menu` VALUES (3, 1, 3, 1, '角色管理', 'Role', 'system/role/index', 3, 'role', 'role', b'0', b'0', b'0', 'roles:list', NULL, NULL, '2018-12-18 15:16:07', NULL);
INSERT INTO `sys_menu` VALUES (5, 1, 3, 1, '菜单管理', 'Menu', 'system/menu/index', 5, 'menu', 'menu', b'0', b'0', b'0', 'menu:list', NULL, NULL, '2018-12-18 15:17:28', NULL);
INSERT INTO `sys_menu` VALUES (6, NULL, 5, 0, '系统监控', NULL, NULL, 10, 'monitor', 'monitor', b'0', b'0', b'0', NULL, NULL, NULL, '2018-12-18 15:17:48', NULL);
INSERT INTO `sys_menu` VALUES (7, 6, 0, 1, '操作日志', 'Log', 'monitor/log/index', 11, 'log', 'logs', b'0', b'1', b'0', NULL, NULL, 'admin', '2018-12-18 15:18:26', '2020-06-06 13:11:57');
INSERT INTO `sys_menu` VALUES (9, 6, 0, 1, 'SQL监控', 'Sql', 'monitor/sql/index', 18, 'sqlMonitor', 'druid', b'0', b'0', b'0', NULL, NULL, NULL, '2018-12-18 15:19:34', NULL);
INSERT INTO `sys_menu` VALUES (10, NULL, 5, 0, '组件管理', NULL, NULL, 50, 'zujian', 'components', b'0', b'0', b'0', NULL, NULL, NULL, '2018-12-19 13:38:16', NULL);
INSERT INTO `sys_menu` VALUES (11, 10, 0, 1, '图标库', 'Icons', 'components/icons/index', 51, 'icon', 'icon', b'0', b'0', b'0', NULL, NULL, NULL, '2018-12-19 13:38:49', NULL);
INSERT INTO `sys_menu` VALUES (14, 36, 0, 1, '邮件工具', 'Email', 'tools/email/index', 35, 'email', 'email', b'0', b'0', b'0', NULL, NULL, NULL, '2018-12-27 10:13:09', NULL);
INSERT INTO `sys_menu` VALUES (15, 10, 0, 1, '富文本', 'Editor', 'components/Editor', 52, 'fwb', 'tinymce', b'0', b'0', b'0', NULL, NULL, NULL, '2018-12-27 11:58:25', NULL);
INSERT INTO `sys_menu` VALUES (18, 36, 3, 1, '存储管理', 'Storage', 'tools/storage/index', 34, 'qiniu', 'storage', b'0', b'0', b'0', 'storage:list', NULL, NULL, '2018-12-31 11:12:15', NULL);
INSERT INTO `sys_menu` VALUES (19, 36, 0, 1, '支付宝工具', 'AliPay', 'tools/aliPay/index', 37, 'alipay', 'aliPay', b'0', b'0', b'0', NULL, NULL, NULL, '2018-12-31 14:52:38', NULL);
INSERT INTO `sys_menu` VALUES (21, NULL, 2, 0, '多级菜单', NULL, '', 900, 'menu', 'nested', b'0', b'0', b'0', NULL, NULL, 'admin', '2019-01-04 16:22:03', '2020-06-21 17:27:35');
INSERT INTO `sys_menu` VALUES (22, 21, 2, 0, '二级菜单1', NULL, '', 999, 'menu', 'menu1', b'0', b'0', b'0', NULL, NULL, 'admin', '2019-01-04 16:23:29', '2020-06-21 17:27:20');
INSERT INTO `sys_menu` VALUES (23, 21, 0, 1, '二级菜单2', NULL, 'nested/menu2/index', 999, 'menu', 'menu2', b'0', b'0', b'0', NULL, NULL, NULL, '2019-01-04 16:23:57', NULL);
INSERT INTO `sys_menu` VALUES (24, 22, 0, 1, '三级菜单1', 'Test', 'nested/menu1/menu1-1', 999, 'menu', 'menu1-1', b'0', b'0', b'0', NULL, NULL, NULL, '2019-01-04 16:24:48', NULL);
INSERT INTO `sys_menu` VALUES (27, 22, 0, 1, '三级菜单2', NULL, 'nested/menu1/menu1-2', 999, 'menu', 'menu1-2', b'0', b'0', b'0', NULL, NULL, NULL, '2019-01-07 17:27:32', NULL);
INSERT INTO `sys_menu` VALUES (28, 1, 3, 1, '任务调度', 'Timing', 'system/timing/index', 999, 'timing', 'timing', b'0', b'0', b'0', 'timing:list', NULL, NULL, '2019-01-07 20:34:40', NULL);
INSERT INTO `sys_menu` VALUES (30, 36, 0, 1, '代码生成', 'GeneratorIndex', 'generator/index', 32, 'dev', 'generator', b'0', b'1', b'0', NULL, NULL, NULL, '2019-01-11 15:45:55', NULL);
INSERT INTO `sys_menu` VALUES (32, 6, 0, 1, '异常日志', 'ErrorLog', 'monitor/log/errorLog', 12, 'error', 'errorLog', b'0', b'0', b'0', NULL, NULL, NULL, '2019-01-13 13:49:03', NULL);
INSERT INTO `sys_menu` VALUES (33, 10, 0, 1, 'Markdown', 'Markdown', 'components/MarkDown', 53, 'markdown', 'markdown', b'0', b'0', b'0', NULL, NULL, NULL, '2019-03-08 13:46:44', NULL);
INSERT INTO `sys_menu` VALUES (34, 10, 0, 1, 'Yaml编辑器', 'YamlEdit', 'components/YamlEdit', 54, 'dev', 'yaml', b'0', b'0', b'0', NULL, NULL, NULL, '2019-03-08 15:49:40', NULL);
INSERT INTO `sys_menu` VALUES (35, 1, 3, 1, '部门管理', 'Dept', 'system/dept/index', 6, 'dept', 'dept', b'0', b'0', b'0', 'dept:list', NULL, NULL, '2019-03-25 09:46:00', NULL);
INSERT INTO `sys_menu` VALUES (36, NULL, 7, 0, '系统工具', NULL, '', 30, 'sys-tools', 'sys-tools', b'0', b'0', b'0', NULL, NULL, NULL, '2019-03-29 10:57:35', NULL);
INSERT INTO `sys_menu` VALUES (37, 1, 3, 1, '岗位管理', 'Job', 'system/job/index', 7, 'Steve-Jobs', 'job', b'0', b'0', b'0', 'job:list', NULL, NULL, '2019-03-29 13:51:18', NULL);
INSERT INTO `sys_menu` VALUES (38, 36, 0, 1, '接口文档', 'Swagger', 'tools/swagger/index', 36, 'swagger', 'swagger2', b'0', b'0', b'0', NULL, NULL, NULL, '2019-03-29 19:57:53', NULL);
INSERT INTO `sys_menu` VALUES (39, 1, 3, 1, '字典管理', 'Dict', 'system/dict/index', 8, 'dictionary', 'dict', b'0', b'0', b'0', 'dict:list', NULL, NULL, '2019-04-10 11:49:04', NULL);
INSERT INTO `sys_menu` VALUES (41, 6, 0, 1, '在线用户', 'OnlineUser', 'monitor/online/index', 10, 'Steve-Jobs', 'online', b'0', b'0', b'0', NULL, NULL, NULL, '2019-10-26 22:08:43', NULL);
INSERT INTO `sys_menu` VALUES (44, 2, 0, 2, '用户新增', NULL, '', 2, '', '', b'0', b'0', b'0', 'user:add', NULL, NULL, '2019-10-29 10:59:46', NULL);
INSERT INTO `sys_menu` VALUES (45, 2, 0, 2, '用户编辑', NULL, '', 3, '', '', b'0', b'0', b'0', 'user:edit', NULL, NULL, '2019-10-29 11:00:08', NULL);
INSERT INTO `sys_menu` VALUES (46, 2, 0, 2, '用户删除', NULL, '', 4, '', '', b'0', b'0', b'0', 'user:del', NULL, NULL, '2019-10-29 11:00:23', NULL);
INSERT INTO `sys_menu` VALUES (48, 3, 0, 2, '角色创建', NULL, '', 2, '', '', b'0', b'0', b'0', 'roles:add', NULL, NULL, '2019-10-29 12:45:34', NULL);
INSERT INTO `sys_menu` VALUES (49, 3, 0, 2, '角色修改', NULL, '', 3, '', '', b'0', b'0', b'0', 'roles:edit', NULL, NULL, '2019-10-29 12:46:16', NULL);
INSERT INTO `sys_menu` VALUES (50, 3, 0, 2, '角色删除', NULL, '', 4, '', '', b'0', b'0', b'0', 'roles:del', NULL, NULL, '2019-10-29 12:46:51', NULL);
INSERT INTO `sys_menu` VALUES (52, 5, 0, 2, '菜单新增', NULL, '', 2, '', '', b'0', b'0', b'0', 'menu:add', NULL, NULL, '2019-10-29 12:55:07', NULL);
INSERT INTO `sys_menu` VALUES (53, 5, 0, 2, '菜单编辑', NULL, '', 3, '', '', b'0', b'0', b'0', 'menu:edit', NULL, NULL, '2019-10-29 12:55:40', NULL);
INSERT INTO `sys_menu` VALUES (54, 5, 0, 2, '菜单删除', NULL, '', 4, '', '', b'0', b'0', b'0', 'menu:del', NULL, NULL, '2019-10-29 12:56:00', NULL);
INSERT INTO `sys_menu` VALUES (56, 35, 0, 2, '部门新增', NULL, '', 2, '', '', b'0', b'0', b'0', 'dept:add', NULL, NULL, '2019-10-29 12:57:09', NULL);
INSERT INTO `sys_menu` VALUES (57, 35, 0, 2, '部门编辑', NULL, '', 3, '', '', b'0', b'0', b'0', 'dept:edit', NULL, NULL, '2019-10-29 12:57:27', NULL);
INSERT INTO `sys_menu` VALUES (58, 35, 0, 2, '部门删除', NULL, '', 4, '', '', b'0', b'0', b'0', 'dept:del', NULL, NULL, '2019-10-29 12:57:41', NULL);
INSERT INTO `sys_menu` VALUES (60, 37, 0, 2, '岗位新增', NULL, '', 2, '', '', b'0', b'0', b'0', 'job:add', NULL, NULL, '2019-10-29 12:58:27', NULL);
INSERT INTO `sys_menu` VALUES (61, 37, 0, 2, '岗位编辑', NULL, '', 3, '', '', b'0', b'0', b'0', 'job:edit', NULL, NULL, '2019-10-29 12:58:45', NULL);
INSERT INTO `sys_menu` VALUES (62, 37, 0, 2, '岗位删除', NULL, '', 4, '', '', b'0', b'0', b'0', 'job:del', NULL, NULL, '2019-10-29 12:59:04', NULL);
INSERT INTO `sys_menu` VALUES (64, 39, 0, 2, '字典新增', NULL, '', 2, '', '', b'0', b'0', b'0', 'dict:add', NULL, NULL, '2019-10-29 13:00:17', NULL);
INSERT INTO `sys_menu` VALUES (65, 39, 0, 2, '字典编辑', NULL, '', 3, '', '', b'0', b'0', b'0', 'dict:edit', NULL, NULL, '2019-10-29 13:00:42', NULL);
INSERT INTO `sys_menu` VALUES (66, 39, 0, 2, '字典删除', NULL, '', 4, '', '', b'0', b'0', b'0', 'dict:del', NULL, NULL, '2019-10-29 13:00:59', NULL);
INSERT INTO `sys_menu` VALUES (73, 28, 0, 2, '任务新增', NULL, '', 2, '', '', b'0', b'0', b'0', 'timing:add', NULL, NULL, '2019-10-29 13:07:28', NULL);
INSERT INTO `sys_menu` VALUES (74, 28, 0, 2, '任务编辑', NULL, '', 3, '', '', b'0', b'0', b'0', 'timing:edit', NULL, NULL, '2019-10-29 13:07:41', NULL);
INSERT INTO `sys_menu` VALUES (75, 28, 0, 2, '任务删除', NULL, '', 4, '', '', b'0', b'0', b'0', 'timing:del', NULL, NULL, '2019-10-29 13:07:54', NULL);
INSERT INTO `sys_menu` VALUES (77, 18, 0, 2, '上传文件', NULL, '', 2, '', '', b'0', b'0', b'0', 'storage:add', NULL, NULL, '2019-10-29 13:09:09', NULL);
INSERT INTO `sys_menu` VALUES (78, 18, 0, 2, '文件编辑', NULL, '', 3, '', '', b'0', b'0', b'0', 'storage:edit', NULL, NULL, '2019-10-29 13:09:22', NULL);
INSERT INTO `sys_menu` VALUES (79, 18, 0, 2, '文件删除', NULL, '', 4, '', '', b'0', b'0', b'0', 'storage:del', NULL, NULL, '2019-10-29 13:09:34', NULL);
INSERT INTO `sys_menu` VALUES (80, 6, 0, 1, '服务监控', 'ServerMonitor', 'monitor/server/index', 14, 'codeConsole', 'server', b'0', b'0', b'0', 'monitor:list', NULL, 'admin', '2019-11-07 13:06:39', '2020-05-04 18:20:50');
INSERT INTO `sys_menu` VALUES (82, 36, 0, 1, '生成配置', 'GeneratorConfig', 'generator/config', 33, 'dev', 'generator/config/:tableName', b'0', b'1', b'1', '', NULL, NULL, '2019-11-17 20:08:56', NULL);
INSERT INTO `sys_menu` VALUES (83, 10, 0, 1, '图表库', 'Echarts', 'components/Echarts', 50, 'chart', 'echarts', b'0', b'1', b'0', '', NULL, NULL, '2019-11-21 09:04:32', NULL);
INSERT INTO `sys_menu` VALUES (90, NULL, 5, 1, '运维管理', 'Mnt', '', 20, 'mnt', 'mnt', b'0', b'0', b'0', NULL, NULL, NULL, '2019-11-09 10:31:08', NULL);
INSERT INTO `sys_menu` VALUES (92, 90, 3, 1, '服务器', 'ServerDeploy', 'mnt/server/index', 22, 'server', 'mnt/serverDeploy', b'0', b'0', b'0', 'serverDeploy:list', NULL, NULL, '2019-11-10 10:29:25', NULL);
INSERT INTO `sys_menu` VALUES (93, 90, 3, 1, '应用管理', 'App', 'mnt/app/index', 23, 'app', 'mnt/app', b'0', b'0', b'0', 'app:list', NULL, NULL, '2019-11-10 11:05:16', NULL);
INSERT INTO `sys_menu` VALUES (94, 90, 3, 1, '部署管理', 'Deploy', 'mnt/deploy/index', 24, 'deploy', 'mnt/deploy', b'0', b'0', b'0', 'deploy:list', NULL, NULL, '2019-11-10 15:56:55', NULL);
INSERT INTO `sys_menu` VALUES (97, 90, 1, 1, '部署备份', 'DeployHistory', 'mnt/deployHistory/index', 25, 'backup', 'mnt/deployHistory', b'0', b'0', b'0', 'deployHistory:list', NULL, NULL, '2019-11-10 16:49:44', NULL);
INSERT INTO `sys_menu` VALUES (98, 90, 3, 1, '数据库管理', 'Database', 'mnt/database/index', 26, 'database', 'mnt/database', b'0', b'0', b'0', 'database:list', NULL, NULL, '2019-11-10 20:40:04', NULL);
INSERT INTO `sys_menu` VALUES (102, 97, 0, 2, '删除', NULL, '', 999, '', '', b'0', b'0', b'0', 'deployHistory:del', NULL, NULL, '2019-11-17 09:32:48', NULL);
INSERT INTO `sys_menu` VALUES (103, 92, 0, 2, '服务器新增', NULL, '', 999, '', '', b'0', b'0', b'0', 'serverDeploy:add', NULL, NULL, '2019-11-17 11:08:33', NULL);
INSERT INTO `sys_menu` VALUES (104, 92, 0, 2, '服务器编辑', NULL, '', 999, '', '', b'0', b'0', b'0', 'serverDeploy:edit', NULL, NULL, '2019-11-17 11:08:57', NULL);
INSERT INTO `sys_menu` VALUES (105, 92, 0, 2, '服务器删除', NULL, '', 999, '', '', b'0', b'0', b'0', 'serverDeploy:del', NULL, NULL, '2019-11-17 11:09:15', NULL);
INSERT INTO `sys_menu` VALUES (106, 93, 0, 2, '应用新增', NULL, '', 999, '', '', b'0', b'0', b'0', 'app:add', NULL, NULL, '2019-11-17 11:10:03', NULL);
INSERT INTO `sys_menu` VALUES (107, 93, 0, 2, '应用编辑', NULL, '', 999, '', '', b'0', b'0', b'0', 'app:edit', NULL, NULL, '2019-11-17 11:10:28', NULL);
INSERT INTO `sys_menu` VALUES (108, 93, 0, 2, '应用删除', NULL, '', 999, '', '', b'0', b'0', b'0', 'app:del', NULL, NULL, '2019-11-17 11:10:55', NULL);
INSERT INTO `sys_menu` VALUES (109, 94, 0, 2, '部署新增', NULL, '', 999, '', '', b'0', b'0', b'0', 'deploy:add', NULL, NULL, '2019-11-17 11:11:22', NULL);
INSERT INTO `sys_menu` VALUES (110, 94, 0, 2, '部署编辑', NULL, '', 999, '', '', b'0', b'0', b'0', 'deploy:edit', NULL, NULL, '2019-11-17 11:11:41', NULL);
INSERT INTO `sys_menu` VALUES (111, 94, 0, 2, '部署删除', NULL, '', 999, '', '', b'0', b'0', b'0', 'deploy:del', NULL, NULL, '2019-11-17 11:12:01', NULL);
INSERT INTO `sys_menu` VALUES (112, 98, 0, 2, '数据库新增', NULL, '', 999, '', '', b'0', b'0', b'0', 'database:add', NULL, NULL, '2019-11-17 11:12:43', NULL);
INSERT INTO `sys_menu` VALUES (113, 98, 0, 2, '数据库编辑', NULL, '', 999, '', '', b'0', b'0', b'0', 'database:edit', NULL, NULL, '2019-11-17 11:12:58', NULL);
INSERT INTO `sys_menu` VALUES (114, 98, 0, 2, '数据库删除', NULL, '', 999, '', '', b'0', b'0', b'0', 'database:del', NULL, NULL, '2019-11-17 11:13:14', NULL);
INSERT INTO `sys_menu` VALUES (116, 36, 0, 1, '生成预览', 'Preview', 'generator/preview', 999, 'java', 'generator/preview/:tableName', b'0', b'1', b'1', NULL, NULL, NULL, '2019-11-26 14:54:36', NULL);
INSERT INTO `sys_menu` VALUES (118, NULL, 5, 0, '工作流', NULL, NULL, 999, 'Steve-Jobs', 'acitivi', b'0', b'0', b'0', NULL, 'admin', 'admin', '2021-09-26 15:53:55', '2021-09-26 15:53:55');
INSERT INTO `sys_menu` VALUES (119, 118, 0, 1, '流程部署定义', 'ProcessDefine', 'activi/processDefine/index', 999, 'permission', 'processDefine', b'0', b'0', b'0', '', 'admin', 'admin', '2021-09-26 15:57:36', '2021-10-02 14:05:20');
INSERT INTO `sys_menu` VALUES (120, 118, 0, 1, '流程实例', 'ProcessInstance', 'activi/processInstance', 999, 'app', 'processInstance', b'0', b'0', b'0', NULL, 'admin', 'admin', '2021-10-02 14:06:31', '2021-10-02 14:21:08');
INSERT INTO `sys_menu` VALUES (121, 118, 0, 1, '待办任务', 'Task', 'activi/task', 999, 'codeConsole', 'task', b'0', b'0', b'0', NULL, 'admin', 'admin', '2021-10-02 21:48:57', '2021-10-02 21:48:57');
INSERT INTO `sys_menu` VALUES (122, 118, 0, 1, '历史任务', 'HistoryTask', 'activi/historyTask', 999, 'develop', 'historyTask', b'0', b'0', b'0', NULL, 'admin', 'admin', '2021-10-02 21:50:24', '2021-10-02 21:50:24');
INSERT INTO `sys_menu` VALUES (123, 118, 0, 1, '表单设计', 'FormDesign', 'activi/formDesign', 999, 'doc', 'formDesign', b'0', b'0', b'0', NULL, 'admin', 'admin', '2021-10-03 13:34:44', '2021-10-03 13:34:44');
COMMIT;

-- ----------------------------
-- Table structure for sys_role
-- ----------------------------
DROP TABLE IF EXISTS `sys_role`;
CREATE TABLE `sys_role` (
  `id` bigint NOT NULL AUTO_INCREMENT COMMENT '主键id',
  `role_name` varchar(64) COLLATE utf8mb4_general_ci DEFAULT NULL COMMENT '角色名称',
  `role_code` varchar(64) COLLATE utf8mb4_general_ci DEFAULT NULL COMMENT '角色编码',
  `description` varchar(255) COLLATE utf8mb4_general_ci DEFAULT NULL COMMENT '描述',
  `sort` int DEFAULT '0' COMMENT '排序',
  `status` char(1) COLLATE utf8mb4_general_ci DEFAULT NULL COMMENT '状态',
  `create_by` varchar(32) COLLATE utf8mb4_general_ci DEFAULT NULL COMMENT '创建人',
  `update_by` varchar(32) COLLATE utf8mb4_general_ci DEFAULT NULL COMMENT '更新人',
  `create_time` datetime NOT NULL DEFAULT CURRENT_TIMESTAMP COMMENT '创建时间',
  `update_time` datetime DEFAULT NULL ON UPDATE CURRENT_TIMESTAMP COMMENT '更新时间',
  `is_deleted` char(1) COLLATE utf8mb4_general_ci DEFAULT '0' COMMENT '删除标识',
  PRIMARY KEY (`id`) USING BTREE,
  KEY `idx_role_role_code` (`role_code`) USING BTREE
) ENGINE=InnoDB DEFAULT CHARSET=utf8mb4 COLLATE=utf8mb4_general_ci COMMENT='角色表';

-- ----------------------------
-- Records of sys_role
-- ----------------------------
BEGIN;
COMMIT;

-- ----------------------------
-- Table structure for sys_roles_depts
-- ----------------------------
DROP TABLE IF EXISTS `sys_roles_depts`;
CREATE TABLE `sys_roles_depts` (
  `role_id` bigint NOT NULL,
  `dept_id` bigint NOT NULL,
  PRIMARY KEY (`role_id`,`dept_id`) USING BTREE,
  KEY `FK7qg6itn5ajdoa9h9o78v9ksur` (`dept_id`) USING BTREE
) ENGINE=InnoDB DEFAULT CHARSET=utf8mb3 ROW_FORMAT=COMPACT COMMENT='角色部门关联';

-- ----------------------------
-- Records of sys_roles_depts
-- ----------------------------
BEGIN;
COMMIT;

-- ----------------------------
-- Table structure for sys_roles_menus
-- ----------------------------
DROP TABLE IF EXISTS `sys_roles_menus`;
CREATE TABLE `sys_roles_menus` (
  `menu_id` bigint NOT NULL COMMENT '菜单ID',
  `role_id` bigint NOT NULL COMMENT '角色ID',
  PRIMARY KEY (`menu_id`,`role_id`) USING BTREE,
  KEY `FKcngg2qadojhi3a651a5adkvbq` (`role_id`) USING BTREE
) ENGINE=InnoDB DEFAULT CHARSET=utf8mb3 ROW_FORMAT=COMPACT COMMENT='角色菜单关联';

-- ----------------------------
-- Records of sys_roles_menus
-- ----------------------------
BEGIN;
INSERT INTO `sys_roles_menus` VALUES (1, 1);
INSERT INTO `sys_roles_menus` VALUES (2, 1);
INSERT INTO `sys_roles_menus` VALUES (3, 1);
INSERT INTO `sys_roles_menus` VALUES (5, 1);
INSERT INTO `sys_roles_menus` VALUES (6, 1);
INSERT INTO `sys_roles_menus` VALUES (7, 1);
INSERT INTO `sys_roles_menus` VALUES (9, 1);
INSERT INTO `sys_roles_menus` VALUES (10, 1);
INSERT INTO `sys_roles_menus` VALUES (11, 1);
INSERT INTO `sys_roles_menus` VALUES (14, 1);
INSERT INTO `sys_roles_menus` VALUES (15, 1);
INSERT INTO `sys_roles_menus` VALUES (18, 1);
INSERT INTO `sys_roles_menus` VALUES (19, 1);
INSERT INTO `sys_roles_menus` VALUES (21, 1);
INSERT INTO `sys_roles_menus` VALUES (22, 1);
INSERT INTO `sys_roles_menus` VALUES (23, 1);
INSERT INTO `sys_roles_menus` VALUES (24, 1);
INSERT INTO `sys_roles_menus` VALUES (27, 1);
INSERT INTO `sys_roles_menus` VALUES (28, 1);
INSERT INTO `sys_roles_menus` VALUES (30, 1);
INSERT INTO `sys_roles_menus` VALUES (32, 1);
INSERT INTO `sys_roles_menus` VALUES (33, 1);
INSERT INTO `sys_roles_menus` VALUES (34, 1);
INSERT INTO `sys_roles_menus` VALUES (35, 1);
INSERT INTO `sys_roles_menus` VALUES (36, 1);
INSERT INTO `sys_roles_menus` VALUES (37, 1);
INSERT INTO `sys_roles_menus` VALUES (38, 1);
INSERT INTO `sys_roles_menus` VALUES (39, 1);
INSERT INTO `sys_roles_menus` VALUES (41, 1);
INSERT INTO `sys_roles_menus` VALUES (44, 1);
INSERT INTO `sys_roles_menus` VALUES (45, 1);
INSERT INTO `sys_roles_menus` VALUES (46, 1);
INSERT INTO `sys_roles_menus` VALUES (48, 1);
INSERT INTO `sys_roles_menus` VALUES (49, 1);
INSERT INTO `sys_roles_menus` VALUES (50, 1);
INSERT INTO `sys_roles_menus` VALUES (52, 1);
INSERT INTO `sys_roles_menus` VALUES (53, 1);
INSERT INTO `sys_roles_menus` VALUES (54, 1);
INSERT INTO `sys_roles_menus` VALUES (56, 1);
INSERT INTO `sys_roles_menus` VALUES (57, 1);
INSERT INTO `sys_roles_menus` VALUES (58, 1);
INSERT INTO `sys_roles_menus` VALUES (60, 1);
INSERT INTO `sys_roles_menus` VALUES (61, 1);
INSERT INTO `sys_roles_menus` VALUES (62, 1);
INSERT INTO `sys_roles_menus` VALUES (64, 1);
INSERT INTO `sys_roles_menus` VALUES (65, 1);
INSERT INTO `sys_roles_menus` VALUES (66, 1);
INSERT INTO `sys_roles_menus` VALUES (73, 1);
INSERT INTO `sys_roles_menus` VALUES (74, 1);
INSERT INTO `sys_roles_menus` VALUES (75, 1);
INSERT INTO `sys_roles_menus` VALUES (77, 1);
INSERT INTO `sys_roles_menus` VALUES (78, 1);
INSERT INTO `sys_roles_menus` VALUES (79, 1);
INSERT INTO `sys_roles_menus` VALUES (80, 1);
INSERT INTO `sys_roles_menus` VALUES (82, 1);
INSERT INTO `sys_roles_menus` VALUES (83, 1);
INSERT INTO `sys_roles_menus` VALUES (90, 1);
INSERT INTO `sys_roles_menus` VALUES (92, 1);
INSERT INTO `sys_roles_menus` VALUES (93, 1);
INSERT INTO `sys_roles_menus` VALUES (94, 1);
INSERT INTO `sys_roles_menus` VALUES (97, 1);
INSERT INTO `sys_roles_menus` VALUES (98, 1);
INSERT INTO `sys_roles_menus` VALUES (102, 1);
INSERT INTO `sys_roles_menus` VALUES (103, 1);
INSERT INTO `sys_roles_menus` VALUES (104, 1);
INSERT INTO `sys_roles_menus` VALUES (105, 1);
INSERT INTO `sys_roles_menus` VALUES (106, 1);
INSERT INTO `sys_roles_menus` VALUES (107, 1);
INSERT INTO `sys_roles_menus` VALUES (108, 1);
INSERT INTO `sys_roles_menus` VALUES (109, 1);
INSERT INTO `sys_roles_menus` VALUES (110, 1);
INSERT INTO `sys_roles_menus` VALUES (111, 1);
INSERT INTO `sys_roles_menus` VALUES (112, 1);
INSERT INTO `sys_roles_menus` VALUES (113, 1);
INSERT INTO `sys_roles_menus` VALUES (114, 1);
INSERT INTO `sys_roles_menus` VALUES (116, 1);
INSERT INTO `sys_roles_menus` VALUES (118, 1);
INSERT INTO `sys_roles_menus` VALUES (119, 1);
INSERT INTO `sys_roles_menus` VALUES (120, 1);
INSERT INTO `sys_roles_menus` VALUES (121, 1);
INSERT INTO `sys_roles_menus` VALUES (122, 1);
INSERT INTO `sys_roles_menus` VALUES (123, 1);
INSERT INTO `sys_roles_menus` VALUES (1, 2);
INSERT INTO `sys_roles_menus` VALUES (2, 2);
INSERT INTO `sys_roles_menus` VALUES (6, 2);
INSERT INTO `sys_roles_menus` VALUES (7, 2);
INSERT INTO `sys_roles_menus` VALUES (9, 2);
INSERT INTO `sys_roles_menus` VALUES (10, 2);
INSERT INTO `sys_roles_menus` VALUES (11, 2);
INSERT INTO `sys_roles_menus` VALUES (14, 2);
INSERT INTO `sys_roles_menus` VALUES (15, 2);
INSERT INTO `sys_roles_menus` VALUES (19, 2);
INSERT INTO `sys_roles_menus` VALUES (21, 2);
INSERT INTO `sys_roles_menus` VALUES (22, 2);
INSERT INTO `sys_roles_menus` VALUES (23, 2);
INSERT INTO `sys_roles_menus` VALUES (24, 2);
INSERT INTO `sys_roles_menus` VALUES (27, 2);
INSERT INTO `sys_roles_menus` VALUES (30, 2);
INSERT INTO `sys_roles_menus` VALUES (32, 2);
INSERT INTO `sys_roles_menus` VALUES (33, 2);
INSERT INTO `sys_roles_menus` VALUES (34, 2);
INSERT INTO `sys_roles_menus` VALUES (36, 2);
INSERT INTO `sys_roles_menus` VALUES (80, 2);
INSERT INTO `sys_roles_menus` VALUES (82, 2);
INSERT INTO `sys_roles_menus` VALUES (83, 2);
INSERT INTO `sys_roles_menus` VALUES (116, 2);
INSERT INTO `sys_roles_menus` VALUES (118, 2);
INSERT INTO `sys_roles_menus` VALUES (119, 2);
INSERT INTO `sys_roles_menus` VALUES (120, 2);
COMMIT;

-- ----------------------------
-- Table structure for sys_user
-- ----------------------------
DROP TABLE IF EXISTS `sys_user`;
CREATE TABLE `sys_user` (
  `id` bigint NOT NULL AUTO_INCREMENT COMMENT '用户id',
  `name` varchar(255) NOT NULL COMMENT '用户昵称',
  `portrait` varchar(255) DEFAULT NULL COMMENT '用户头像地址',
  `phone` varchar(255) NOT NULL COMMENT '注册手机',
  `email` varchar(255) DEFAULT NULL COMMENT '邮件',
  `password` varchar(255) DEFAULT NULL COMMENT '用户密码（可以为空，支持只用验证码注册、登录）',
  `reg_ip` varchar(255) DEFAULT NULL COMMENT '注册ip',
  `account_non_expired` bit(1) DEFAULT b'1' COMMENT '是否有效用户',
  `credentials_non_expired` bit(1) DEFAULT b'1' COMMENT '账号是否未过期',
  `account_non_locked` bit(1) DEFAULT b'1' COMMENT '是否未锁定',
  `status` varchar(20) NOT NULL DEFAULT 'ENABLE' COMMENT '用户状态：ENABLE能登录，DISABLE不能登录',
  `is_del` int NOT NULL DEFAULT '0' COMMENT '是否删除',
  `create_time` datetime NOT NULL COMMENT '注册时间',
  `update_time` datetime NOT NULL COMMENT '记录更新时间',
  `is_admin` bit(1) NOT NULL DEFAULT b'0',
  PRIMARY KEY (`id`) USING BTREE,
  UNIQUE KEY `idx_phone_is_del` (`phone`,`is_del`) USING BTREE
) ENGINE=InnoDB AUTO_INCREMENT=2 DEFAULT CHARSET=utf8mb3 ROW_FORMAT=COMPACT;

-- ----------------------------
-- Records of sys_user
-- ----------------------------
BEGIN;
INSERT INTO `sys_user` VALUES (1, 'admin', 's', '121243234', NULL, 'admin', '121212', b'1', b'1', b'1', 'ENABLE', 0, '2021-12-23 21:52:25', '2021-12-23 21:52:33', b'0');
COMMIT;

-- ----------------------------
-- Table structure for sys_users_roles
-- ----------------------------
DROP TABLE IF EXISTS `sys_users_roles`;
CREATE TABLE `sys_users_roles` (
  `user_id` bigint NOT NULL COMMENT '用户ID',
  `role_id` bigint NOT NULL COMMENT '角色ID',
  PRIMARY KEY (`user_id`,`role_id`) USING BTREE,
  KEY `FKq4eq273l04bpu4efj0jd0jb98` (`role_id`) USING BTREE
) ENGINE=InnoDB DEFAULT CHARSET=utf8mb3 ROW_FORMAT=COMPACT COMMENT='用户角色关联';

-- ----------------------------
-- Records of sys_users_roles
-- ----------------------------
BEGIN;
COMMIT;

SET FOREIGN_KEY_CHECKS = 1;
